idd|text|local_score|alch_score|sentiment
718749007686799360|RT @DaveMustaine: Sad Wings Of Destiny by far is my fave @judaspriest record and i will always hail Glen and KK as a great guitar duo! http‚Ä¶|4.0|-0.268569|2.0
717268709195309056|Original Poster France Lyon City River Bridge 1980 https://t.co/3JJLgY5jG4 https://t.co/NMJXqlGZDp|4.0|-0.722709|4.0
717270947397406721|Got a question for Ross Lyon @freodockers... Let me know https://t.co/t0kjzyZri7|3.0|-0.722709|3.0
718043948896370688|"RT @scottyvaIens: COOKIE LYON

- independent
- not afraid of anyone  
- fierce and she knows it
- ""the name is cookie, ask about me."" https‚Ä¶"|2.0|-0.722708|3.0
726123085800312833|"#FRESHBEATS Listen to EarllyMac, Chuckisdope and AaronCohenRap connect on ""Bron Bron.""

https://t.co/sdtOTOAADR https://t.co/8EcfG7V2Th #‚Ä¶"|3.0|-0.722708|3.0
718086684424974336|"Minna Lyon: humans unique in understanding we have ancestors ""historical consciousness"" #ehbea2016"|4.0|0.255833|3.0
732761982655291392|@ArtsHub Recently I was humbled&amp;honoured helping Priest-rape victim with Afadavit of ImpactStatement stating that parents become victims too|4.0|-0.339857|2.0
732665165477470209|"RT @sports_fr: #Football Lyon aurait refus√© une offre de 40 millions de West Ham pour Lacazette
https://t.co/gubEUNmJ98 https://t.co/ZSo0Vj‚Ä¶"|3.0|-0.722709|4.0
732770835136544769|@TurnerNoBurner Bron|3.0|-0.463596|2.0
718125272319574016|Vintage Banjolin Mandolin Banjo Sun Star Lyon &amp; Healy 8 String Folk Bell Brand  https://t.co/mqkargNUfH https://t.co/kgiLvZeWUj|3.0|-0.722708|3.0
718128540235882496|"Big AZ #thankyou 4 the #kind RT!! Much appreciated XO ... #Author Cat Lyon ""-) https://t.co/japadhdJ80"|4.0|0.257696|3.0
716852510707703809|RT @theheraldsun: Garry Lyon is ‚Äònot in a good space‚Äô, according to Sam Newman https://t.co/IPcbNXq5l4 https://t.co/NiCJ4pogVZ|3.0|-0.722708|3.0
718794259705552896|I liked a @YouTube video https://t.co/RGELmrhiXK Maxi Priest - Close to you (HQ)|3.0|-0.722708|3.0
718035646690951168|"Lyon considers himself to be Gray's superior and tries his best to prove his superiority over him.
#LyonBot"|4.0|0.536444|3.0
718110234238132224|"RT @scottyvaIens: COOKIE LYON

- independent
- not afraid of anyone  
- fierce and she knows it
- ""the name is cookie, ask about me."" https‚Ä¶"|2.0|-0.722708|3.0
732711059027419138|Un chauffeur soup√ßonn√© de deux viols √† Lyon https://t.co/S7c2jcivRA|2.0|-0.722709|2.0
732780271184019456|@BallinBurrows @OsheaJacksonJr he's not disrespecting bron he's calling laker fans who hate LeBron stupid lol|2.0|0.374693|2.0
725499596781166592|RT @EmpireFOX: Things are heating up in the Lyon's den. üíãüíã #Empire|3.0|0.321692|3.0
718789314633576449|Lyon: Our aim is to win every game of footy we play #AFLEaglesFreo #foreverfreo|4.0|0.876328|3.0
718729314879995904|Indiana University Students Mistake Priest for KKK Member - Breitbart https://t.co/7Vxn6FeGDv via @BreitbartNews|3.0|-0.722708|2.0
718080849783029760|"It is unknown what had happened to Lyon's parents.
#LyonBot"|2.0|0.536444|3.0
717272490834309120|RT @stevozone4: Lyon, France has soooooooooo many hoes|3.0|-0.722709|4.0
717269178676355072|Original Poster France Lyon City River Bridge 1980 https://t.co/QrLsHEeZnD https://t.co/XOQ3MRIqTq|4.0|-0.722709|4.0
718753089017110528|"Zac Dawson obviously has compromising photos of Ross Lyon........

The guy is as much use as a chocolate fire guard!!"|4.0|0.286984|3.0
718068223405588480|Fekir returns to Lyon squad v Montpellier tomorrow. Huge boost for club who've missed his threat this season, and France ahead of Euros.|2.0|-0.722709|4.0
732605836774641664|RT @ChristnNitemare: Anti-gay priest caught on Grindr https://t.co/uOhT2dD1u2 cc: @fakedansavage @JoeMyGod https://t.co/xt18h6ImJl|3.0|0.22988|2.0
718078805718339584|"RT @ogIiIIy: ""Luscious Lyon ain't even his real name"" https://t.co/YWZd3ofXVm"|4.0|-0.722709|3.0
718099642555219968|smart grid, smart city - Horizon 2020 : intelligents ensemble - Lyon Confluence https://t.co/Xv4iZrxOhS|4.0|0.474199|3.0
718116995577864192|RT @GlobalRevLive: List of all #France cities that have setup camps as part of the #NuitDebout protests for #DirectDemocracy  https://t.co/‚Ä¶|2.0|-0.722709|4.0
718123331308888064|Queen Elizabeth: The Official Biography of the Queen Mother Elizabeth Angela Marguerite Bowes Lyon, the Youngest https://t.co/d48XBVVe7Z|3.0|-0.722708|3.0
730160697204682752|Mdr running gag annuel  https://t.co/fy2EII8Hqr|3.0|-0.722709|3.0
718114676521959424|RT @Onefootball: Ligue 1s youngest POT, is in the Lyon squad for the first time since his injury last year. Welcome back Nabil Fekir!|4.0|-0.722708|2.0
732780818754637824|RT @niyamatsu: altar boy todo sucking priest kara's dick under the podium while he preaches|2.0|-0.722708|2.0
732405628606390277|RT @WritersBlock_95: The Death of the Voodoo¬†Priest https://t.co/u8qSbz97ic|2.0|-0.722709|2.0
732622744257499136|RT @P93manu: Le PSG et Lyon cibl√©s par Ben Arfa ? Ptdr entre jouer avec Thiago Silva et jouer avec Mapou y'a pas photo.|2.0|-0.765149|2.0
732405624294809600|Pour une fellation: Salope brune, sans tabou, aimant l'exhib, ch... https://t.co/vznKBy9XVt  #Jolie #Lyon #MASSAGE https://t.co/Ih702qKAIN|5.0|-0.722709|2.0
718039496164552704|#ShakeShakeGo yesterday at #Lyon, a genuine happiness moment. https://t.co/sBXgTsRKdX|5.0|0.545419|3.0
718784266071621632|"RT @XplodingUnicorn: [my wedding]

Priest: Do you take this woman to have and-

Me: I agree

Priest: Don't you want to hear-

Me: I never r‚Ä¶"|3.0|-0.722709|2.0
718079802591326210|Only person with trenchcoats as good as Harvey Specter's is Andre Lyon üëå|4.0|-0.722708|3.0
718730586316271616|RT @RaviSinghKA: Total RESPECT to this Assyrian priest defending his lands &amp; people against ISIS ! #SaintSoldier #Khalsa https://t.co/O8yjk‚Ä¶|4.0|-0.722709|3.0
717260200378548224|Just posted a photo @ Lyon Confluences https://t.co/z0rIN1kYA1|4.0|-0.722709|4.0
718748919899901953|Sad Wings Of Destiny by far is my fave @judaspriest record and i will always hail Glen and KK as a great guitar duo! https://t.co/GEvb6mlhpR|4.0|-0.722709|3.0
718116995699458048|RT @GlobalRevLive: List of all #France cities that have setup camps as part of the #NuitDebout protests for #DirectDemocracy  https://t.co/‚Ä¶|2.0|-0.722709|4.0
718096430720688129|Wheelright Storer Swaine Pierson Bateman Lyon Crane Coulson Knapp Close Lefa https://t.co/QyeTmGfobL Ebay Snipe ‚Ü∫RT, Favorite, S|4.0|-0.722709|3.0
718092623861432321|"RT @Shakiyaaa_xoxo: OMG "" I would call you Mr. Lyon , but I would be lying that ain't even your name"" well damn üòÇüëêüèæ #Empire"|2.0|-0.722708|2.0
718087560296210432|"When Gray ran after the Demon Deliora, Lyon and Ur followed after him.
#LyonBot"|2.0|0.536444|3.0
718047691704573952|@JagexNeena @JagexLyon Awwe. No treats for Lyon? :(|3.0|-0.722709|3.0
732657825722335232|RT @KermitKlein94: So #GH is going to write the former priest who was giving last rites one week now doing a striptease at the NB https://t‚Ä¶|3.0|-0.722709|2.0
732780669797990400|I Do.. I Wanna See Bron Baby Curry Lil Ass https://t.co/o6ysRdyks9|3.0|-0.275154|2.0
718087969853169664|Ross Lyon post-match Q &amp; A v Adelaide #FremantleFootballClub #FremantleFootballClub https://t.co/aVUte062ne|3.0|-0.722708|3.0
717250454124625920|"RT @PanoramixRadio: Live DJS https://t.co/WNzU3VL9IX ‚Ä¶
#Paris #Marseille #Lyon #Toulouse #Nice #Nantes #Strasbourg #Mont√©limar  #Avignon #N‚Ä¶"|4.0|-0.722709|3.0
718730618222194688|I feel like I really need to talk to a priest.|3.0|0.755514|3.0
717271806181306368|Original Poster France Lyon City River Bridge 1980 https://t.co/fHkIDjVpYD https://t.co/KEGl4ylov7|4.0|-0.722708|4.0
725514121983217664|@Cj_Caliente_ don't care who Kobe had he was traded to LA bron begged too join wade in Mia. Soft|2.0|-0.722709|2.0
732638883675013120|RT @Irons_Home: BREAKING- Lyon want ¬£25M AND Diafra Sakho in return for Alexandre Lacazette #WHUFC|2.0|-0.722708|2.0
718078825788268544|Flexsteel Contract Rue De Lyon Executive Desk https://t.co/f77CTJAUib https://t.co/ADYoRNyyHJ|2.0|-0.722709|4.0
714877503005851648|New Lyon Township Marijuana Caregiver Rules Are A New Low https://t.co/eA1g06okFA via @theweedblog|3.0|-0.334843|2.0
714877503005851648|New Lyon Township Marijuana Caregiver Rules Are A New Low https://t.co/eA1g06okFA via @theweedblog|3.0|-0.334843|2.0
718111462867206144|RT @RBairner: Nabil #Fekir is in the #Lyon squad to travel to Montpellier Friday night. Last played for 1st team in August. Big boost for #‚Ä¶|4.0|-0.722709|2.0
718110313699217409|"RT @scottyvaIens: COOKIE LYON

- independent
- not afraid of anyone  
- fierce and she knows it
- ""the name is cookie, ask about me."" https‚Ä¶"|2.0|-0.722708|3.0
718078936471699458|Lyon is Family. That last song. Wow. #empire|3.0|-0.722708|3.0
717249089646288897|"If we got a French coach... 
#CFC boss____ will reportedly raid #Monaco #Lyon  etc this summer.. https://t.co/pkbriq3kqU"|4.0|-0.722708|3.0
718790188026195968|RT @saladinahmed: vintage photo of a demonic priest administering the black sacrament to a follower https://t.co/HkHgOr8TpC|2.0|-0.722708|3.0
718106034594779136|"RT @Shakiyaaa_xoxo: OMG "" I would call you Mr. Lyon , but I would be lying that ain't even your name"" well damn üòÇüëêüèæ #Empire"|2.0|0.438288|2.0
730164496048644096|RT @iconickkk: thirsty priest https://t.co/KzhydfeDyP|3.0|0.490244|2.0
717266908974866432|kings of lyon sex on fire https://t.co/wLNLgr47rF|3.0|-0.722708|3.0
718027101690073088|A new favorite: Lyon Kise &amp; Dj Frank JMJ - Alone Tonight (FREE DOWNLOAD at 25 reposts) by Lyon Kise https://t.co/PJl9x4UXGr on #SoundCloud|4.0|0.260081|3.0
732665222918463488|RT @SkyKaveh: Breaking... West Ham made ¬£31m bid for France international striker Alexandre Lacazette today. Rejected by Lyon #whufc|2.0|-0.722708|4.0
732416762373791745|"The winner of this series wins the ring. That's for damn sure... Bron will never win a ring again. Give up hope ""witnesses""."|4.0|0.238365|2.0
718061257199226881|"RT @FOXAfrica: Join Lucious, Cookie, Hakeem and the rest of the Lyon family at 21:00 CAT tonight. #FoxAfrica #TheBestFirst 
https://t.co/sT‚Ä¶"|4.0|-0.722709|2.0
718736029977591808|RT @philipsm14: Herdsmen Kill Two Rev Sisters, Abduct Catholic Priest in Enugu And Demand 10m Ransom. https://t.co/9LQIrjHkHu|2.0|-0.722708|3.0
718116995619753984|RT @GlobalRevLive: List of all #France cities that have setup camps as part of the #NuitDebout protests for #DirectDemocracy  https://t.co/‚Ä¶|2.0|-0.722708|4.0
718765729361825792|RT @SHIAMANI: LMFAO https://t.co/S4trEcJ2y3|3.0|-0.722709|3.0
732426203953500160|"RT @EmmanZwaneSA: Lol! RT @iamdigitalsa: Had a nightmare that I was a venda
voodoo priest.... Shit!!!!"|2.0|-0.722708|2.0
718109036214935552|@TheRealShantel Are you interested in visiting Lyon someday ? https://t.co/YxgAYMNl83|4.0|-0.722708|3.0
716853322926452736|"RT @LiveActusLigue1: Termin√© : #Lorient 1-3 #Lyon (Waris 36' || Lacazette 44',88', Ghezzal 80')
Lyon revient √† 3 points de Monaco (OL-ASM 3‚Ä¶"|3.0|-0.722709|3.0
718080181659951109|"I liked a @YouTube video https://t.co/7a2ItyIJvW Empire OMG Moment: Lucious Lyon Threatens Camilla | EMPIRE"|3.0|-0.722709|3.0
718066814870274048|NOT THE LUCIOUS LYON! https://t.co/CzB5yhocW9|3.0|0.342431|3.0
718075274093576192|Hakeem Lyon is my spirit animalü¶Å|4.0|0.276456|3.0
717253930179280896|"#Repost @empirefox with @repostapp.
„Éª„Éª„Éª
Keepin' the Lyon dressed to impress. #Empire #BTS https://t.co/g1Q16AorEl"|3.0|0.238799|3.0
718076639951908866|"RT @SquawkaNews: Nabil Fekir will be in Lyon's squad vs. Montpellier

He last played 151 days ago after rupturing his knee ligaments. https‚Ä¶"|4.0|-0.276116|3.0
718027310180380672|New Dockers not the classic Lyon #AFL @superfooty: THERE‚ÄôS angst whenever Ross Lyon‚Äôs coaching record is addressed.‚Ä¶ https://t.co/sogFvRgVKg|3.0|-0.722708|3.0
718091015228358656|#aflfootyshow Jeff Kennett claims AFL Footy Show&amp;#39;s Garry Lyon is seriously ill https://t.co/07gnAWfmhE  üòµüò®|3.0|-0.722708|3.0
718038447122948097|@memrise_ we're going to amsterdam, paris, lyon, marseilles, barcelona and madrid!!!!|3.0|0.272342|3.0
718068281945550851|"RT @SquawkaNews: Nabil Fekir will be in Lyon's squad vs. Montpellier

He last played 151 days ago after rupturing his knee ligaments. https‚Ä¶"|4.0|-0.722708|3.0
718082907596845060|RT @stephcayrol: Did you miss @shawndubravac introducing #SIdO16 in #Lyon ? Here is the video : https://t.co/mIR1oM7rRV #IoT|2.0|-0.722708|3.0
732458152478662657|Brad Hardie: the genius of Alastair Clarkson and how Ross Lyon can replicate it https://t.co/c52Dl9TsAc|4.0|-0.722708|3.0
718030221082038273|"Jamal is going in with this diss of Lucious fuck yeah
""I'd call you Mr Lyon but I'd be lying cause that ain't even your real name""
#empire"|2.0|0.355774|3.0
718111319753359360|Nabil #Fekir is in the #Lyon squad to travel to Montpellier Friday night. Last played for 1st team in August. Big boost for #OL.|4.0|-0.722708|3.0
718097677469224960|Beginner's Assyrian by D.G. Lyon Paperback Book (English) https://t.co/wLpzynjhpx https://t.co/yTJmak7xqL|3.0|-0.722709|3.0
717250662493499392|"RT @PanoramixRadio: Live   http://t.co/WNzU3VL9IX
#Paris
#Marseille
#Lyon
#hits
#webradio 
#radio
#usa
#france
#pride
#bac
#stream
#RT
#str‚Ä¶"|4.0|-0.722709|2.0
718116655709032449|The old Lyon' Dike  https://t.co/QPPcf56o33|3.0|-0.722709|3.0
732622511293276160|RT @viinsky360: GG pour la 2√®me place de la ligue 1 les lyonnais ! Follow @adidasFR et #RT pour tenter de gagner le maillot üî•üëä https://t.co‚Ä¶|4.0|-0.722708|2.0
718037380599570432|RT @mfl_scarisbrick: Lyon trip will be meeting this time tomorrow at school. Don't forget your passports &amp; to wear school hoodies! https://‚Ä¶|4.0|-0.722709|3.0
718129008110534656|"RT @LelaLyon: ""Naked"" by Lela Lyon #np on #SoundCloud @ascapexpo #ASCAPEXPO #artist #songwriter  https://t.co/KePGCMF0vR"|3.0|0.371785|3.0
717272318049792000|"Lyon is extremely quick witted and observant. He was able to discover Racer's weakness by watching the birds fly in the sky
#LyonBot"|2.0|0.536444|3.0
718729283699478528|RT @sftomdunham: Credit bureaus confuse me with Minnesota man, Tom Meyer. Also a MN priest lost pedophilia suit under this name. https://t.‚Ä¶|2.0|-0.722708|2.0
718070919747538945|"RT @myfeetonfleek: ""You can‚Äôt come at Lucious Lyon like that and expect to walk the Earth for very much longer."" @ilenechaiken #Empire http‚Ä¶"|4.0|-0.722709|2.0
717257059968765952|"RT @FLAMEKlNG: *epic scene*

gray: i have no choice..
lyon: w-what..?
gray: kame.. hame..
lyon: wait.. wrong anime..
gray: HAAA!! https://t‚Ä¶"|2.0|-0.722708|3.0
718107273525141504|RT @KYArtsCouncil: ‚ÄúI just know when I quit looking to other people for directions, I found my own map.‚Äù ‚ÄìGeorge Ella Lyon, Holding on to Z‚Ä¶|4.0|-0.722709|3.0
718085414356127745|A Wordful Child (Meet the Author Collection) by George Ella Lyon https://t.co/Q6Lf9TDQld https://t.co/ydVTbZQRZ0|3.0|-0.722709|3.0
732494310210293760|#avantcourseslive je reprends city julry jug√© sur √ßa 3emes de Lyon la soie derri√®re Cara d'occagnes pour une place √† belle c√¥te ds le pick 5|5.0|-0.722709|4.0
732756557138628608|If I'm gonna have to look at Bron's face the next 20yrs he needs to to work on his forehead wrinkles|3.0|-0.722708|2.0
717270024835170304|Original Poster France Lyon City River Bridge 1980 https://t.co/lMSrbgfC4U https://t.co/XJZoaQjgNK|4.0|-0.722708|4.0
726123094809571328|"RT @QwertyJones3: [wedding ceremony]

PRIEST: And the Lord said ""Go forth and multiply""

GROOM: GO FOURTH?? SHE SAID I WAS HER FIRST!!

BRI‚Ä¶"|3.0|0.293067|2.0
718780439671017473|RT @DailyMailUK: Archbishop of Canterbury's real dad confessed priest WAS his son two weeks before he died https://t.co/2j0bsn2kfK https://‚Ä¶|2.0|-0.722709|3.0
718094295782195200|[Best T-Shirts] LYON-the-awesome - (CuaTshirts) Design Des https://t.co/7R000kLj7N #camera #grandma #grandpa #lifestyle #military #states|4.0|-0.722708|3.0
732426248882954241|I liked a @YouTube video from @bmkibler https://t.co/cOZBRo8Po8 (Hearthstone) It's a good day for N'Zoth Priest|3.0|-0.722708|3.0
718072165661294592|"RT @AriHarryShawn: ""His name ain't even Lucious Lyon""
#Empire #EmpireWednesday"|4.0|-0.722709|2.0
718051903851143169|"Amazing Football Goals ‚ú∞ Vol.5 
#football #soccer #amazing #goal #goals #marseille #lyon
https://t.co/gE1fVagWrP https://t.co/DY7OlSgd48"|4.0|-0.722709|3.0
718105151094059012|Take a trip into the flower.... https://t.co/gHhsbFfImb|3.0|-0.722709|3.0
718070799199051779|RT @AvonCharmings: Literally my face when I heard this  https://t.co/gVYkAEZTRp|3.0|-0.722709|3.0
718109811204874240|The Bowes-Lyon Partnership Post is out! https://t.co/UgIcLh1kew Stories via @JulieSpira|3.0|0.430131|2.0
718087907601424384|"RT @scottyvaIens: COOKIE LYON

- independent
- not afraid of anyone  
- fierce and she knows it
- ""the name is cookie, ask about me."" https‚Ä¶"|2.0|-0.722708|3.0
732494404334718977|RT @Taxi_bio: La qualit√© de service s'am√©liore chez les #Vtc et @Heetch.ils accompagnent les clientes dans le lit üëç. https://t.co/3WIuXXo4fH|3.0|-0.722709|2.0
718071205635330048|RT @AvonCharmings: Literally my face when I heard this  https://t.co/gVYkAEZTRp|3.0|-0.722709|3.0
718122370607685633|RT @ThisisJamila: Mama Lyon isn't playing any games. #teamcookie #empire|4.0|-0.722709|2.0
717261984480301056|üìÖ Save the date ! https://t.co/Z7eS7fNT5c|4.0|-0.722709|3.0
717261448359989248|[PREPA] CanAm Maverick Turbo par BR Performance¬†Lyon https://t.co/4j8ZyO0n7v https://t.co/3J5kXPkd3G|3.0|-0.722709|3.0
718060482570035200|RT @LYON_ESTATE: Who thinks Lyon Estate should tour Australia?|3.0|-0.555988|2.0
718793307111964673|A M7 Priest negotiates a hairpin bend on a mountain road near Mondaino, at the 'Gothic Line', September 1944. #WW2 https://t.co/2LTJ4ZkUhK|3.0|-0.722708|3.0
726122893382434816|1912 Vintage Ad Lyon &amp; Healy Piano Composition Contest Original Print Ad This Is an Original 1912 Black and White https://t.co/Thr8hxOPrF|4.0|-0.722708|3.0
718791169442865152|"""Eskimo: ""If I did not know about God and sin, would I go to hell?"" Priest: ""No, not if you did not know."" Eskimo: ""Then why did you ..."|2.0|-0.722709|3.0
732622499259789313|RT @fhollande: Le seul droit que nous avons, c'est le droit de manifester autant que n√©cessaire.. #Lyon #FH2012|5.0|-0.722708|4.0
718043814313779201|RT @USHL: Newly signed @NHLFlyers goaltender Alex Lyon was 54-37-4 with a .912 SV% in 99 career USHL games #WhosNext https://t.co/OJofFJtRM5|3.0|0.238799|3.0
717272503069052928|@gurniesanders haha I've heard some of the st etienne chants about lyon actually. I think that was against Nice? one from the centre circle|3.0|0.626802|3.0
718740874377748480|Gripping Beast: Ulf the Quarrelsome &amp; Celtic Priest https://t.co/ULJneozrGP|3.0|-0.722708|3.0
718127317286002688|@ChargersSoftbal the score after 2 innings is lyon co.-5 jtown-0|3.0|-0.722708|3.0
718795328640663552|leaolivia: *At BamBam‚Äôs Funeral* Priest: BamBam was such a wonderful person. He had a sweet, caring soul... https://t.co/KCrJlCavDU|4.0|-0.722709|3.0
718740842484248576|RT @philipsm14: Herdsmen Kill Two Rev Sisters, Abduct Catholic Priest in Enugu And Demand 10m Ransom. https://t.co/9LQIrjHkHu|2.0|-0.722708|3.0
732458162431762432|"The Complete Albums Collection Box set, Limited Edition
Judas Priest  https://t.co/qQKysVuX5p https://t.co/UH2INaYuBt"|2.0|-0.722709|3.0
732752122630955009|Bron's 1st half shot chart is ridiculous. Another sweep.|4.0|-0.599134|2.0
734258502861004800|RT @itelerhonealpes: L'arr√™t de la raffinerie de Feyzin devrait √™tre effectif lundi et un piquet de gr√®ve sera en place d√®s 7h (FO) #Lyon h‚Ä¶|3.0|-0.722709|3.0
718113671256391680|Found 4-6-16 *LUCIOUS LYON* https://t.co/kEO83CXXye|3.0|0.755514|3.0
718096647276859393|Helped nearby drivers by reporting a heavy traffic jam on Rue de Lyon, Gen√®ve on @waze - Drive Social. https://t.co/vY22vtg6pD|2.0|0.564673|3.0
718127480339570689|#ClotheslineProject @ Lyon Co Health Center 4 Sexual Assault Awareness &amp; Prevention Month in April. #SanctuaryInc https://t.co/9y0HtwS4qp|3.0|-0.722709|3.0
718098847776567297|@siraj_kalush May be I will watch him tomorrow again ‚ò∫ https://t.co/hQeTjjJP1q|4.0|-0.722708|3.0
718727386901127168|"Another Penalty Goal to Jamie Lyon.

#NRLWarriorsManly 12-22 with 11 mins to go.

#NRL NRL #RT"|3.0|-0.722709|3.0
732675708250664960|@ggzes Judas Priest - Stained Class|2.0|0.394592|2.0
718093794269401089|@Damienrbom @Euro2016tix tickets still available for game in Lyon?|4.0|-0.722708|3.0
718060485707345921|RT @LYON_ESTATE: Who thinks Lyon Estate should tour Australia?|3.0|-0.722708|2.0
718095283901632512|RT @cthagod: Lucious Lyon is a Ruthless Redbone. A canary colored savage. #Empire|3.0|0.24699|2.0
718765807451316225|RT @AussieBall: It may not look it but Lyon's plan is coming together to a degree. That quarter was poor, but this is the best Freo have pl‚Ä¶|4.0|0.867713|2.0
718056060624310272|Aristocrat casts judgement as plastic rhino looks on. @ Lyon, France https://t.co/mjGTsijPYI|3.0|-0.722709|4.0
718066640978649089|"Nabil Fekir will be in Lyon's squad vs. Montpellier

He last played 151 days ago after rupturing his knee ligaments. https://t.co/Be34rnVc70"|4.0|-0.722708|3.0
718057380387246080|"After joining Lamia Scale, Lyon loosened up significantly, but still retains his impulsive nature.
#LyonBot"|4.0|0.536444|3.0
732732385863720960|LET GO BRON BRON!!!!!!! #SpursAreOutSoItsCavsNationForTheRestOfThesePlayOffs|3.0|-0.722709|2.0
732520125635698688|RT @DragonflyJonez: GS wins, we witnessed history. Bron or KD&amp;Russ getting a ring is great too. *gets up and closes blinds while TOR looks‚Ä¶|2.0|-0.722709|2.0
718034319953018880|Waxist ‚Ä¢ Vinyl set ‚Ä¢ Le Sucre (Lyon) ‚Ä¢ https://t.co/cC0NgyaGoL https://t.co/cHK1dk035N|3.0|-0.474023|3.0
718111984470851584|"RT @scottyvaIens: COOKIE LYON

- independent
- not afraid of anyone  
- fierce and she knows it
- ""the name is cookie, ask about me."" https‚Ä¶"|2.0|-0.722709|3.0
717267886499303425|Black Bronze Erotic Art Sculpture 70s-90s Vintage Lovers Joyce Lyon The Beacon https://t.co/4NgozDnkSY @eBay|3.0|-0.737038|3.0
718059544048312321|"I'm hiring in #Lyon #jobs #mercuriurval 
https://t.co/HgPpXHUkCg"|3.0|-0.722709|3.0
718099077368389632|I just want to be Cookie Lyon, is that too much to ask for????|4.0|-0.722709|3.0
718752360932188160|@BBCBreaking @BBCNews don't tell me it was his local catholic priest?|3.0|-0.722708|2.0
732770822230704128|Bron*|3.0|0.326116|2.0
732743168618303488|CHILL BRON üî•üò§ https://t.co/p26Y8odXdH|2.0|-0.722709|2.0
732675709215363074|RT @NgoloKante17: Je vous f√©licite Mr @JM_Aulas pour ce superbe pr√©-sentiment ! #Kante #OL https://t.co/Z5XdeZ3aiL|4.0|-0.722708|2.0
732605867904925696|t'es pas un vrai lyonnais si tu l'as connais pas, miss araign√©e mdrrrr https://t.co/jwXALBWSAk|2.0|-0.722708|2.0
718728253712830464|"RT @AbbottLyon: Morning coffee with Abbott Lyon ‚òïÔ∏è Shop yours now on üëâ https://t.co/xhYDZSqrIz | #Coffee #SaturdayMorning https://t.co/uYMa‚Ä¶"|3.0|0.397326|3.0
718075542055026689|@Mookiee_Pstar you remind me of Hakeem Lyon from Empire|3.0|-0.722708|2.0
718026610616569857|@KevinHastings7 spot on. I was there. Lyon absolutely gave L.Mitchel a gobfull when he spilt that first kick. about 3 Manly players did..|3.0|-0.397046|3.0
718035733777399809|@LeeLawlerHD Lyon are a lot better than you're giving them credit for there mind ... Kemen was highly rated by Beardsley|3.0|-0.722709|3.0
718805398963294208|BurntRT @ReggieRegSW: Lmao i was real live fakin on bron|4.0|-0.532966|3.0
718052142402170880|@RHajj16 @Squawka really good at Lyon??? Not really|3.0|-0.722708|3.0
732836311527268353|RT @TLMLyon: Sur RMC ce matin @gerardcollomb maire PS de #Lyon se d√©clare favorable √† une candidature #Macron en 2017 si les sondages ne ch‚Ä¶|4.0|-0.722708|4.0
718072881725321216|'Empire' Season 2: Hakeem Lyon's Issues Reaches New Heights [VIDEO]: Hakeem Lyon might be the ruler of the new... https://t.co/bVpG9NXUIL|4.0|-0.722708|3.0
718743570618982400|Priest&amp;#039;s driving force in faith, life was love for people - Omaha World-Herald #faith https://t.co/1VyQ1KoZGP|3.0|-0.722709|3.0
718064447542022144|Ross Lyon post-match Q &amp; A v Adelaide #FremantleFootballClub https://t.co/8NnDhm4C6h|3.0|0.230335|3.0
732377901585162240|@mcnutt_jesselyn Halford/Priest Lake Emerson Lake Palmer Buck/Blue Oyster Vince Neil/Girls Girls Girls (a true favorite of mine)|4.0|-0.722709|2.0
718750746678677504|@Andycee007 enough talk of Parra it's insulting to talk of that filth amongst Manly supporters. Best thing about Parra Jamie Lyon . Thanks.|2.0|-0.722708|3.0
718731570346139648|Ex-Italian priest freed in Philippines https://t.co/5cu9EY7J47|3.0|-0.722708|3.0
732405874451460096|Been a bron fan since 06'-07' ain't going back for nobody.|4.0|-0.722708|2.0
718048717199302656|Lucious Lyon is like a black Frank Underwood. Just look at the way he handles obstacles and the Machiavellian undertones #Empire|4.0|-0.411207|3.0
717256472107716608|RT @actualites_nrv: Simultaneous push-back @lyonaeroports LYS sunday evening @airfrance @hopinfos #avgeek #airport #Lyon #Nice06 #ATC https‚Ä¶|4.0|-0.722709|3.0
718054974190698498|Lyon is back|3.0|-0.722708|3.0
718058888411516928|How Cookie Lyon Is Making A Run For The Best Dressed Woman On ‚Ä¶ : https://t.co/oohA8ISz1q , https://t.co/VNOjlTDQxp|3.0|-0.722708|3.0
732743168974807040|BRON IS TOO GOOD https://t.co/VALSOxc8VI|3.0|-0.722709|2.0
732493705618169856|RT @Rue89Lyon: A #Lyon, une 8√®me manif contre la LoiTravail. A 11h, au d√©part de l'ancienne gare des Brotteaux, jusqu'√† Bellecour https://t‚Ä¶|4.0|0.264551|4.0
732675668782256128|"RT @ouestfrance35: A√©roport de #Rennes: La ligne de #Lyon f√™te ses 35 ans avec @hopinfos | via @ouest-france https://t.co/AUHU6DQeXw https:‚Ä¶"|3.0|0.49495|3.0
732770595436298240|Bron on a western conference team wouldn't be fuckin fair lmfao|3.0|-0.722708|2.0
732405927706402816|RT @Kedric_Hayes: I'm with you and I'm a Bron fan but he a hoe bruh lol  https://t.co/Rg7vsj8tCy|4.0|-0.521792|2.0
718050596280881152|"Lyon is also shown to be arrogant, as shown in the Grand Magic Games Arc when he is talking to Chelia about his teammate Jura.
#LyonBot"|3.0|0.536444|3.0
718125522568359936|@TherealTaraji @OLITZ_FINATIC @EmpireWriters always for you miss cookie Lyon|2.0|-0.722709|3.0
718727553209339904|@ygent_official can anyone explain it to me on why Song Mino's outfit looks like a priest? I genuinely curious boo|4.0|-0.722708|2.0
718118954011648000|Forget Paris - #LYON is where it's at! üá´üá∑ Top 5 Things to do in Lyon : https://t.co/y9C2nxPKiF ‚ú® #travel #france @UKBloggers1|3.0|-0.722708|4.0
718722371444731904|@bronmcn @tobyedwards9 I shall call her Bron üì±|3.0|-0.722708|3.0
718780421132029952|RT @sportsbetcomau: Nat Fyfe getting some pointed instructions from Ross Lyon... #AFLEaglesFreo #AFLEaglesDockers https://t.co/7pFyXNiREu|4.0|-0.722709|3.0
718096003023253504|"RT @SquawkaNews: Nabil Fekir will be in Lyon's squad vs. Montpellier

He last played 151 days ago after rupturing his knee ligaments. https‚Ä¶"|4.0|-0.722709|3.0
732710666256056321|RT @TransferSources: BREAKING: West Ham made a ¬£31m bid for Alexandre Lacazette today. Lyon rejected it. https://t.co/LuERNh8nn6|2.0|-0.722709|3.0
725297515545944064|Bron https://t.co/qRhe4Lykw4|3.0|-0.722709|2.0
718030618953560064|RT @jersey_ciamikk: #jersey4sale #1308 Lyon Techfit Sz 6 500K, Bristol City Sz M BNWT 275K WA 081937782149 @LennonNMe @Reds_Flare https://t‚Ä¶|3.0|0.273772|3.0
718121225537454080|We are everywhere.. Where do you whish to be right now ? @SofitelRAKImp #Lyon #Dubai #Marseille #Agadir #Marrakech https://t.co/XwjaE7gHjt|3.0|0.228211|3.0
718042698507096065|When is Garry Lyon coming back #footyshow|4.0|-0.722709|3.0
732756561496559616|Working with Bron and Steph fans the worst... All they do is argue all day man|3.0|-0.722708|2.0
732780194843533312|"RT @dafloydsta: PRIEST: Does anyone know why these two should not be married?

ME: *from back* SHE NEVER SAW STAR WARS

PRIEST: *drops Bibl‚Ä¶"|3.0|-0.722708|2.0
732743173873733633|HE SHO DID ! RT @kwelmo: Bron ain't have to dunk like that...|3.0|-0.722709|2.0
718076361739526145|The highest happiness on earth is the happiness of marriage. ‚ÄîWilliam Lyon Phelps #wedding #happy #love https://t.co/LGevvDHBif|5.0|0.453631|3.0
718770017240678400|Would you trust a priest with a faded swastika symbol on his forearm?|3.0|-0.722709|3.0
718040720251219969|Rated only by sweaty Fifa players and Lyon fans, his big money move will be going to Leicester at the age of 31. https://t.co/A6ayYeuRjo|4.0|0.247252|3.0
718736110831017984|The last time Ross Lyon lost four consecutive games as coach was in his first season as coach in 2007. He sits on 3 now. #AFLEaglesFreo|4.0|-0.243922|3.0
